recent_accuracy,avg_response_seconds,hints_used,current_difficulty,correct_streak,target_difficulty
0.24,24.4,1,3,1,2
0.78,22.5,0,1,4,1
0.18,5.3,1,2,4,1
0.17,8.4,3,3,1,2
0.65,26.4,0,2,1,1
0.51,10.7,1,3,2,3
0.23,5.4,2,1,4,1
0.84,24.0,0,2,3,2
0.62,27.0,2,1,4,1
0.75,3.9,1,1,2,1
0.88,28.1,3,1,2,1
0.69,13.3,2,2,2,2
0.72,23.2,0,1,4,1
0.3,24.0,1,3,3,2
0.38,29.8,1,2,5,1
0.87,25.4,1,2,0,1
0.49,4.5,2,2,1,2
0.57,28.6,3,3,1,2
0.27,24.5,2,2,5,1
0.51,19.7,2,3,1,3
0.58,5.2,0,1,0,1
0.68,25.9,3,1,4,1
0.48,20.1,3,1,4,1
0.98,27.9,0,2,5,1
0.25,28.6,2,3,5,2
0.24,15.3,3,2,0,1
0.89,10.3,1,3,4,3
0.89,11.3,1,1,1,1
0.8,18.4,0,2,4,2
0.57,5.8,2,2,2,2
0.2,28.4,0,1,0,1
0.56,4.5,1,3,1,3
0.55,18.7,2,3,4,3
0.51,8.7,1,3,5,3
0.49,22.3,2,2,3,2
0.53,9.8,0,3,2,3
0.65,9.3,1,1,0,1
0.75,4.2,0,1,0,1
0.21,9.5,3,2,1,1
0.26,30.1,3,3,1,2
0.84,8.1,0,2,5,3
0.45,14.6,0,2,5,2
0.99,5.4,3,3,5,2
0.83,5.7,1,2,1,2
0.53,14.9,2,3,3,3
0.89,4.7,0,1,0,1
1.0,27.2,0,3,1,2
0.5,16.7,3,1,0,1
0.47,31.6,2,1,3,1
0.51,30.7,3,2,1,1
0.4,31.1,0,1,5,1
0.2,19.7,1,2,0,1
0.22,8.0,0,3,5,2
0.49,30.3,1,1,4,1
0.18,4.9,2,3,2,2
0.72,11.8,2,1,3,1
0.72,11.3,2,1,0,1
0.54,32.0,0,1,0,1
0.33,10.3,2,3,0,2
0.46,7.2,2,1,4,1
0.6,22.2,2,3,5,3
0.95,6.5,0,1,0,1
0.62,10.5,1,3,5,3
0.32,21.2,2,2,4,1
0.36,29.3,0,2,0,1
0.51,10.7,0,3,2,3
0.69,10.2,3,1,4,1
0.51,2.8,0,3,5,3
0.61,27.1,1,1,3,1
0.19,13.3,0,1,2,1
0.73,22.2,2,1,4,1
0.98,24.6,1,2,1,2
0.9,3.2,2,1,3,1
0.88,26.4,2,3,1,2
0.24,28.2,3,3,1,2
0.84,16.1,2,1,1,1
0.17,8.2,2,1,2,1
0.97,10.7,3,1,5,1
0.43,3.3,2,3,1,2
0.97,10.3,0,3,4,3
0.44,25.7,3,2,4,1
0.25,29.0,1,3,2,2
0.75,2.5,1,1,2,1
0.21,22.1,2,2,4,1
0.71,6.2,2,2,4,2
0.72,12.1,2,2,4,2
0.31,22.1,3,1,5,1
0.92,20.7,2,3,3,3
0.86,11.5,1,3,3,3
0.67,12.0,3,3,3,2
0.33,16.5,1,3,5,2
0.39,22.1,2,1,0,1
0.72,9.1,1,1,1,1
0.19,31.5,0,1,3,1
0.9,19.5,3,2,3,1
0.36,21.9,0,2,0,1
0.34,26.2,3,2,0,1
0.36,27.5,3,3,1,2
0.72,31.6,2,2,3,1
0.84,28.8,3,3,4,2
0.91,24.4,3,2,3,1
0.79,27.3,2,2,4,1
0.68,10.6,0,2,5,2
0.35,12.4,0,2,1,1
0.35,23.0,1,1,0,1
0.5,18.5,3,2,0,1
0.86,14.0,0,1,4,2
0.56,30.3,2,2,3,1
0.61,24.2,1,2,3,2
0.38,16.8,3,1,2,1
0.73,14.4,1,3,3,3
0.98,18.3,3,1,4,1
0.71,5.0,3,3,1,2
0.3,10.2,2,2,1,1
0.43,25.0,3,2,2,1
0.36,4.9,0,2,5,1
0.19,30.6,1,3,5,2
0.81,21.7,0,1,1,1
0.86,20.8,1,1,1,1
0.72,19.1,1,2,3,2
0.37,13.4,0,3,1,2
0.24,3.3,2,2,4,1
0.92,13.6,1,3,0,3
0.74,21.0,0,3,5,3
0.87,20.2,0,2,4,2
0.45,15.1,2,1,0,1
0.7,2.9,3,3,3,2
0.52,13.2,3,1,5,1
0.52,24.1,2,1,4,1
0.81,16.2,2,3,2,3
0.86,5.1,3,1,1,1
0.63,22.2,2,2,0,2
0.87,7.9,1,2,2,3
0.44,28.5,2,2,4,1
0.59,8.1,1,1,5,1
0.57,24.9,3,2,5,1
0.57,25.9,0,3,2,2
0.49,9.7,2,1,3,1
0.6,15.1,2,3,2,3
0.54,11.5,1,3,0,3
0.31,6.0,1,3,1,2
0.78,10.7,2,1,0,1
0.4,13.1,2,1,0,1
0.6,10.6,0,3,4,3
0.74,6.2,3,2,0,1
0.64,16.3,3,1,2,1
0.97,9.9,3,1,0,1
0.49,4.7,0,1,1,1
0.84,30.5,0,1,1,1
0.62,14.8,1,1,4,1
0.53,15.6,3,2,2,1
0.68,20.5,0,3,1,3
0.33,22.0,1,3,1,2
0.62,7.1,3,1,3,1
0.65,11.1,1,3,2,3
0.39,27.9,0,3,5,2
0.94,25.7,1,1,3,1
0.61,21.6,2,1,1,1
0.2,25.9,2,1,3,1
0.55,11.5,3,1,2,1
0.61,15.4,0,3,3,3
0.42,9.9,0,3,1,2
0.86,19.5,0,3,5,3
0.64,25.0,1,2,3,1
0.7,29.5,1,3,4,2
0.69,17.0,0,2,3,2
0.5,12.0,0,2,1,2
0.5,17.1,3,2,4,1
0.54,11.8,2,1,0,1
0.89,26.8,0,2,5,1
0.54,4.1,2,3,4,3
0.68,24.9,1,2,2,2
0.26,11.0,3,3,0,2
0.98,20.5,1,1,5,1
0.41,2.9,3,1,0,1
0.99,29.4,3,1,0,1
0.86,17.2,2,3,4,3
0.38,27.1,3,3,1,2
0.62,13.8,1,2,0,2
0.81,27.7,2,2,4,1
0.85,10.8,2,2,4,2
1.0,16.9,1,3,3,3
0.56,12.3,3,3,3,2
0.89,31.4,1,2,4,1
0.35,25.4,0,2,2,1
0.55,29.4,3,3,3,2
0.82,21.7,1,3,3,3
0.26,31.0,2,1,0,1
0.23,29.4,0,2,5,1
0.5,21.8,1,1,0,1
0.81,10.3,3,2,5,1
0.87,27.6,3,1,2,1
0.76,24.9,0,3,4,3
0.35,22.7,2,1,1,1
0.23,31.4,0,3,3,2
0.74,29.2,0,1,2,1
0.4,13.6,1,1,1,1
0.5,22.6,1,3,1,3
0.22,28.2,1,1,3,1
0.27,16.1,2,3,3,2
0.72,29.0,3,2,2,1
0.61,4.7,2,3,4,3
0.69,15.0,2,2,3,2
0.32,13.8,3,2,0,1
0.47,13.1,2,1,5,1
0.17,27.0,3,2,2,1
0.63,22.7,0,1,4,1
0.57,29.2,2,3,1,2
0.83,9.0,1,3,4,3
0.73,23.8,1,2,5,2
0.92,21.6,2,1,3,1
0.64,24.1,0,1,2,1
0.79,7.7,1,2,4,2
0.6,29.4,1,2,2,1
0.97,11.2,2,2,0,2
0.97,6.7,1,2,5,3
0.72,14.2,2,3,0,3
0.16,18.3,3,2,2,1
0.79,10.2,3,3,5,2
0.24,9.4,0,2,4,1
0.43,20.5,0,3,5,2
0.92,11.4,3,2,0,1
0.19,3.6,3,1,0,1
0.35,18.4,3,1,3,1
0.72,24.4,3,2,4,1
0.77,28.6,0,3,3,2
0.5,30.6,0,3,5,2
0.33,15.6,1,2,2,1
0.98,13.3,2,1,0,1
0.38,31.1,3,2,0,1
0.33,21.4,0,3,0,2
0.36,6.2,1,2,0,1
0.33,8.9,1,3,2,2
0.82,20.1,2,1,1,1
0.61,26.1,0,1,5,1
0.26,13.1,1,1,4,1
0.16,10.3,1,2,5,1
0.6,24.5,3,2,3,1
0.59,5.7,1,2,4,2
0.77,29.3,2,1,3,1
0.97,4.3,3,3,3,2
0.73,17.0,3,2,0,1
0.42,6.9,1,1,2,1
0.69,18.7,2,3,3,3
0.6,15.9,3,3,0,2
0.25,21.8,1,3,3,2
0.9,14.7,3,2,3,1
0.77,11.7,2,2,5,2
0.47,7.0,3,2,0,1
0.86,5.3,0,1,5,2
0.47,6.3,0,3,4,3
0.63,22.3,3,3,2,2
0.95,15.0,0,3,2,3
0.42,5.6,1,3,1,2
0.56,27.5,2,3,4,2
0.25,10.7,1,2,3,1
0.98,26.6,0,3,4,2
0.86,10.4,1,3,2,3
0.8,29.7,2,3,0,2
0.89,19.2,3,1,0,1
0.78,31.2,0,1,5,1
0.33,14.9,2,3,1,2
0.41,12.1,0,2,0,1
0.28,20.7,0,1,2,1
0.71,16.8,3,2,3,1
0.33,17.6,2,2,3,1
0.39,22.5,3,1,4,1
0.41,9.0,0,3,0,2
0.41,8.7,1,1,2,1
0.43,2.7,3,2,1,1
0.47,23.3,2,1,0,1
0.88,3.7,0,2,3,3
0.88,19.5,3,1,5,1
0.51,5.9,0,3,2,3
0.83,20.7,2,1,0,1
0.87,9.7,3,2,4,1
0.49,11.7,2,1,1,1
0.81,4.8,0,2,4,3
0.31,25.4,2,3,5,2
0.84,9.5,1,3,2,3
0.3,7.0,0,1,1,1
0.57,24.8,3,3,5,2
0.7,31.6,2,3,5,2
0.28,4.5,3,2,5,1
0.83,19.9,2,2,4,2
0.41,15.8,0,1,2,1
0.22,28.0,0,2,4,1
0.58,16.1,0,3,3,3
0.7,12.0,3,3,4,2
0.96,15.8,2,1,5,1
0.58,7.6,1,1,5,1
0.99,18.0,1,2,2,2
0.93,13.9,2,2,5,2
0.19,21.1,2,3,0,2
0.23,22.5,2,2,2,1
0.87,31.0,1,3,2,2
0.65,6.7,2,1,2,1
0.74,14.1,0,3,2,3
0.47,25.9,1,3,5,2
0.85,24.3,0,3,5,3
0.51,13.2,2,3,2,3
0.96,12.6,3,1,1,1
1.0,7.1,2,1,0,1
0.81,27.1,0,3,5,2
0.89,20.7,3,2,1,1
0.3,22.9,1,1,5,1
0.19,13.2,1,2,3,1
0.39,24.6,3,3,1,2
0.35,31.0,3,3,1,2
0.73,19.3,3,2,3,1
0.81,17.3,3,2,1,1
0.83,6.6,2,1,0,1
0.56,13.5,0,3,5,3
0.87,10.9,1,3,2,3
0.92,6.8,3,2,0,1
0.84,28.6,0,1,3,1
0.49,13.5,3,1,0,1
0.34,11.9,0,2,5,1
0.43,6.8,0,3,2,2
0.74,6.6,3,2,3,1
0.15,4.8,2,3,1,2
0.62,24.0,3,1,0,1
0.35,6.1,1,2,3,1
0.82,16.0,0,3,3,3
0.61,21.1,1,3,5,3
0.4,2.5,2,1,1,1
0.5,22.1,0,3,4,3
0.21,18.0,0,2,3,1
0.19,13.9,2,2,2,1
0.16,25.8,2,3,1,2
0.71,5.6,2,3,1,3
0.45,12.5,1,1,5,1
0.98,16.6,1,2,1,2
0.76,30.3,0,1,2,1
0.19,8.4,0,1,2,1
0.59,31.7,3,2,2,1
0.79,8.1,2,1,0,1
0.43,6.2,2,3,3,2
0.78,28.9,3,2,2,1
0.57,17.2,2,1,0,1
0.51,15.2,1,3,4,3
0.42,4.9,2,2,2,1
0.66,15.1,3,2,2,1
0.19,28.2,2,2,4,1
0.38,31.4,0,2,0,1
0.69,13.2,1,3,0,3
0.87,22.5,3,1,0,1
0.21,25.5,2,1,2,1
0.96,3.5,1,2,5,3
0.96,13.5,0,2,4,3
0.6,14.2,2,1,1,1
0.17,8.0,3,1,4,1
0.37,10.2,3,1,1,1
0.39,29.5,3,3,1,2
0.27,4.7,1,1,5,1
1.0,26.4,2,2,5,1
0.75,18.7,2,2,2,2
0.76,29.9,1,1,2,1
0.34,31.6,1,3,1,2
0.17,18.8,2,2,3,1
